Dataset	Engine	Algorithm	Seed	Rank	Query ID	Target ID	Optimal offset	p-value	E-value	q-value	Overlap	Query consensus
Sox2	MOTIFGP	SPEA2	9	22	[AG][AG][A][C][A][A][AT][ACGT][G]	MA0515.1	1	1.63025e-08	9.63479e-06	1.89537e-05	9	AAACAAAAG	AAAACAATGG	-
Sox2	MOTIFGP	FORTIN	8	111	[AGT][AG][AG][A][C][A][A][AT][AG][G]	MA0515.1	0	5.79195e-08	3.42304e-05	6.71047e-05	10	AAAACAAAAG	AAAACAATGG	-
Sox2	MOTIFGP	FORTIN	6	73	[AG][A][C][A][A][AT][G][G][ACG]	MA0143.3	0	6.45317e-08	3.81382e-05	7.51032e-05	8	AACAAAGGA	AACAAAGG	-
Sox2	MOTIFGP	FORTIN	3	74	[CGT][CT][C][T][T][T][G][T][T][ACT]	UP00062_1	3	7.9713e-08	4.71104e-05	9.28517e-05	10	CCCTTTGTTA	TAGTCCTTTGTTCTTCT	-
Sox2	MOTIFGP	SPEA2	1	13	[C][C][AT][T][T][G][T]	MA0143.3	0	9.07597e-08	5.3639e-05	0.000106358	7	CCATTGT	CCTTTGTT	+
Sox2	MOTIFGP	SPEA2	4	11	[A][C][A][A][AT][G][G][ACGT]	MA0143.3	1	9.07597e-08	5.3639e-05	0.000106358	7	ACAAAGGA	AACAAAGG	-
Sox2	MOTIFGP	FORTIN	4	3	[C][C][AT][T][T][G][T]	MA0143.3	0	9.07597e-08	5.3639e-05	0.000106358	7	CCATTGT	CCTTTGTT	+
Sox2	MOTIFGP	SPEA2	6	22	[A][C][A][A][AT][G][G]	MA0143.3	1	9.07597e-08	5.3639e-05	0.000106358	7	ACAAAGG	AACAAAGG	-
Sox2	MOTIFGP	FORTIN	0	22	[CGT][C][AT][T][T][G][T][CT]	MA0515.1	0	9.44853e-08	5.58408e-05	0.000110154	8	CCATTGTC	CCATTGTTTT	+
Sox2	MOTIFGP	FORTIN	9	25	[AG][A][C][A][A][AT][G][ACG][ACGT][ACGT]	MA0515.1	2	9.44853e-08	5.58408e-05	0.000110154	8	AACAAAGAAA	AAAACAATGG	-
Sox2	MOTIFGP	SPEA2	0	77	[CGT][CGT][C][AGT][T][T][G][T][CT][CT][ACGT]	MA0515.1	-1	1.15393e-07	6.81971e-05	0.000133925	10	CCCATTGTCCA	CCATTGTTTT	+
Sox2	MOTIFGP	SPEA2	2	26	[C][CT][AT][T][T][G][T][T][ACT]	MA0077.1	0	1.73632e-07	0.000102616	0.000201727	9	CCATTGTTA	CCATTGTTC	+
Sox2	MOTIFGP	FORTIN	7	38	[A][ACGT][A][A][C][A][A][T][AG][G]	MA0077.1	-1	1.77871e-07	0.000105122	0.000207189	9	AAAACAATAG	GAACAATGG	-
Sox2	MOTIFGP	SPEA2	3	45	[A][A][C][A][A][AT][G][G]	MA0143.3	0	2.79838e-07	0.000165384	0.000325118	8	AACAAAGG	AACAAAGG	-
Sox2	MOTIFGP	SPEA2	5	101	[AT][T][T][G][T][CT][ACT][CT]	MA0515.1	2	2.82371e-07	0.000166881	0.00032948	8	ATTGTCAC	CCATTGTTTT	+
Sox2	MOTIFGP	FORTIN	1	22	[CG][C][CG][AT][T][T][G][T][T][ACGT][CGT][CGT][ACGT]	UP00073_2	0	8.57539e-07	0.000506806	0.00100578	13	CCCATTGTTACCA	CCGTTTGTTATTTTT	-
Sox2	MOTIFGP	SPEA2	7	95	[AT][T][T][G][T][CT][AC][T][G][CT]	MA0142.1	1	1.21411e-06	0.00071754	0.00143009	10	ATTGTCATGC	CTTTGTTATGCAAAT	+
Sox2	MOTIFGP	FORTIN	5	2	[T][CT][C][AT][T][T][G][T]	UP00030_1	3	1.51423e-06	0.000894912	0.00105392	8	TCCATTGT	TAGTCCTTTGTTCTTAT	-
Sox2	MOTIFGP	SPEA2	8	75	[A][T][T][G][T][CT][CT]	MA0515.1	2	1.63337e-06	0.000965322	0.00190423	7	ATTGTCC	CCATTGTTTT	+
Sox2	MOTIFGP	FORTIN	2	66	[A][A][C][A][A][ACT][G][G]	MA0143.3	0	2.6935e-06	0.00159186	0.00313153	8	AACAAAGG	AACAAAGG	-
Sox2	DREME	DREME	0	-	ACAAWRGV	MA0143.3	1	9.13318e-06	0.00539771	0.00462821	7	ACAAAGGG	AACAAAGG	-
Sox2	DREME	DREME	0	-	ACAAWRGV	UP00062_1	6	1.25303e-05	0.00740539	0.00462821	8	ACAAAGGG	AGAAGAACAAAGGACTA	+
Sox2	DREME	DREME	0	-	ACAAWRGV	MA0442.1	0	1.40853e-05	0.0083244	0.00462821	6	ACAAAGGG	ACAAAG	-
Sox2	DREME	DREME	0	-	ACAAWRGV	UP00030_1	6	1.5907e-05	0.00940103	0.00462821	8	ACAAAGGG	ATAAGAACAAAGGACTA	+
Sox2	DREME	DREME	0	-	ACAAWRGV	MA0514.1	3	3.13209e-05	0.0185107	0.00729037	7	ACAAAGGG	AAAACAAAGG	-
Sox2	DREME	DREME	0	-	ACAAWRGV	UP00016_2	7	7.0315e-05	0.0415562	0.0123231	8	ACAAAGGG	TCACGGAACAATAGGTG	+
Sox2	DREME	DREME	0	-	ACAAWRGV	MA0515.1	3	7.41195e-05	0.0438047	0.0123231	7	ACAAAGGG	AAAACAATGG	-
Sox2	DREME	DREME	0	-	ACAAWRGV	UP00004_2	5	9.73897e-05	0.0575573	0.014168	8	ACAAAGGG	CTCACACAATGGCGC	+
Sox2	DREME	DREME	0	-	ACAAWRGV	MA0077.1	2	0.000110191	0.0651228	0.0142491	7	ACAAAGGG	GAACAATGG	-
Sox2	DREME	DREME	0	-	ACAAWRGV	UP00101_2	6	0.000179256	0.10594	0.0208621	8	ACAAAGGG	AAATAGACAAAGGAAT	+
Sox2	DREME	DREME	0	-	ACAAWRGV	UP00055_2	5	0.000268348	0.158594	0.0283917	8	ACAAAGGG	AGTACACAATGGGAACA	-
Sox2	DREME	DREME	0	-	ACAAWRGV	UP00073_2	7	0.000855221	0.505435	0.0829435	8	ACAAAGGG	AAAAATAACAAACGG	+
Sox2	DREME	DREME	0	-	ACAAWRGV	MA0078.1	1	0.00105925	0.626018	0.0948291	8	ACAAAGGG	GACAATGAG	-
Sox2	DREME	DREME	0	-	ACAAWRGV	UP00039_2	9	0.00129768	0.766928	0.107876	8	ACAAAGGG	AACACCAAAACAAAGGA	+
Sox2	DREME	DREME	0	-	ACAAWRGV	MA0523.1	5	0.00168095	0.993439	0.130421	8	ACAAAGGG	AAAGATCAAAGGAA	+
Sox2	DREME	DREME	0	-	ACAAWRGV	UP00023_1	5	0.00192165	1.1357	0.139778	8	ACAAAGGG	ATTGAACAATGGAATT	+
Sox2	DREME	DREME	0	-	ACAAWRGV	UP00071_2	7	0.00254796	1.50584	0.174433	8	ACAAAGGG	TAGCGGAACAATTGATG	-
Sox2	DREME	DREME	0	-	ACAAWRGV	UP00067_1	6	0.00279034	1.64909	0.180414	8	ACAAAGGG	GATAGATCAAAGGGATT	-
Sox2	DREME	DREME	0	-	ACAAWRGV	UP00083_1	6	0.00305278	1.80419	0.186994	8	ACAAAGGG	TATAGATCAAAGGAAAT	-
Sox2	DREME	DREME	0	-	ACAAWRGV	UP00058_1	6	0.00333701	1.97217	0.194184	8	ACAAAGGG	TATAGATCAAAGGAAAA	+
Sox2	DREME	DREME	0	-	ACAAWRGV	UP00054_1	6	0.00364502	2.1542	0.202007	8	ACAAAGGG	TATAGATCAAAGGAAAA	+
Sox2	DREME	DREME	0	-	ACAAWRGV	UP00075_1	6	0.00434176	2.56598	0.229683	8	ACAAAGGG	TAGTGAACAATAGATTT	+
Sox2	DREME	DREME	0	-	ACAAWRGV	UP00061_1	9	0.00473571	2.79881	0.236007	8	ACAAAGGG	TAAATGTAAACAAAGGT	+
Sox2	DREME	DREME	0	-	ACAAWRGV	UP00034_1	8	0.00486688	2.87633	0.236007	8	ACAAAGGG	AATAAAGAACAATAGAATTTCA	+
Sox2	DREME	DREME	0	-	ACAAWRGV	MA0142.1	9	0.0064911	3.83624	0.302178	6	ACAAAGGG	ATTTGCATAACAAAG	-
Sox2	DREME	DREME	0	-	ACAAWRGV	MA0481.1	9	0.00912424	5.39242	0.408422	6	ACAAAGGG	CAAAAGTAAACAAAG	+
Sox2	DREME	DREME	0	-	ACAAWRGV	UP00073_1	9	0.0142877	8.44402	0.593867	8	ACAAAGGG	AAAAAGTAAACAAAGAC	+
Sox2	DREME	DREME	0	-	ACAAWRGV	UP00025_1	9	0.0142877	8.44402	0.593867	8	ACAAAGGG	AAAATGTAAACAAACAG	+